Model,AUC
llama3_3_70b,0.58625
gpt_4_1,0.5667857142857141
llama4_maverick,0.5462264150943396
gpt_4o_mini_reversed,0.47874999999999995
gpt_4o_mini_in_context,0.4783928571428572
gpt_4o_mini,0.45758928571428564
gpt_4o_mini_temp0,0.45607142857142857
gpt_4o_mini_assert,0.4524107142857142
qwen3_a3b,0.4352678571428571
gemma_3n_e4b,0.42348214285714286
gpt_4o_mini_multiple_summarization,0.3864285714285714
llama3_1_8b,0.294375
gpt_3_5_turbo,0.25321428571428567
